NOME_COMERCIAL,NOME_GENERICO,FABRICANTE,TIPO_PRODUTO
GENCARE LONG-ACTING COUGH RELIEF,Dextromethorphan Hydrobromide,"PIONEER LIFE SCIENCES, LLC",MEDICAMENTO ISENTO DE PRESCRIÇÃO
FLUOCINOLONE ACETONIDE,Fluocinolone acetonide,BRYANT RANCH PREPACK,MEDICAMENTO SOB PRESCRIÇÃO
CEPHALEXIN,Cephalexin,BRYANT RANCH PREPACK,MEDICAMENTO SOB PRESCRIÇÃO
FLUOXETINE,Fluoxetine Hydrochloride,BRYANT RANCH PREPACK,MEDICAMENTO SOB PRESCRIÇÃO
TOPIRAMATE,topiramate,BRYANT RANCH PREPACK,MEDICAMENTO SOB PRESCRIÇÃO
MARCAINE,BUPIVACAINE HYDROCHLORIDE,"HOSPIRA, INC.",MEDICAMENTO SOB PRESCRIÇÃO
POTASSIUM CHLORIDE EXTENDED-RELEASE,Potassium Chloride,BRYANT RANCH PREPACK,MEDICAMENTO SOB PRESCRIÇÃO
DIGOXIN,Digoxin,BRYANT RANCH PREPACK,MEDICAMENTO SOB PRESCRIÇÃO
MAX RELIEF JUNIOR GRAPE,Children Acetaminophen,AKRON PHARMA INC.,MEDICAMENTO ISENTO DE PRESCRIÇÃO
HYDROXYZINE HYDROCHLORIDE,Hydroxyzine hydrochloride,"APHENA PHARMA SOLUTIONS - TENNESSEE, LLC",MEDICAMENTO SOB PRESCRIÇÃO
PAMPRIN BLOAT,Pamabrom,"FOCUS CONSUMER HEALTHCARE, LLC",MEDICAMENTO ISENTO DE PRESCRIÇÃO
QUETIAPINE FUMARATE,Quetiapine Fumarate,"APHENA PHARMA SOLUTIONS - TENNESSEE, LLC",MEDICAMENTO SOB PRESCRIÇÃO
BUSPIRONE HYDROCHLORIDE,Buspirone Hydrochloride,"APHENA PHARMA SOLUTIONS - TENNESSEE, LLC",MEDICAMENTO SOB PRESCRIÇÃO
HEPARIN SODIUM,Heparin Sodium,BE PHARMACEUTICALS INC.,MEDICAMENTO SOB PRESCRIÇÃO
EPHEDRINE SULFATE,Ephedrine Sulfate,"MEDICAL PURCHASING SOLUTIONS, LLC",MEDICAMENTO SOB PRESCRIÇÃO
WHP COLDS AND COUGH,ACONITUM NAPELLUS - ARSENIC TRIOXIDE - BRYONIA ALBA ROOT - PULSATILLA VULGARIS - STRYCHNOS NUX-VOMICA SEED,WASHINGTON HOMEOPATHIC PRODUCTS,MEDICAMENTO ISENTO DE PRESCRIÇÃO
TOUCHLAND THE ALL-STAR SET POWER MIST HYDRATING HAND SANITIZER MIST 5 SET,ALCOHOL,TOUCHLAND LLC.,MEDICAMENTO ISENTO DE PRESCRIÇÃO
JAFRA BEAUTY ADVANCED SILK MOISTURIZING SERUM FOUNDATION SUNSCREEN BROAD SPECTRUM SPF 15 ALMOND WD1,"Homosalate, Octisalate, Zinc Oxide","DISTRIBUIDORA COMERCIAL JAFRA, S.A. DE C.V.",MEDICAMENTO ISENTO DE PRESCRIÇÃO
CIMETIDINE HYDROCHLORIDE,CIMETIDINE HYDROCHLORIDE,"CHARTWELL GOVERNMENTAL & SPECIALTY RX, LLC.",MEDICAMENTO SOB PRESCRIÇÃO
PACLITAXEL PROTEIN-BOUND PARTICLES,Paclitaxel protein-bound particles,CIPLA USA INC.,MEDICAMENTO SOB PRESCRIÇÃO
BOSLEY MINOXIDIL TOPICAL SOLUTION 2 FOR WOMEN,MINOXIDIL,"SCIENTIFIC HAIR RESEARCH, LLC",MEDICAMENTO ISENTO DE PRESCRIÇÃO
FLUTICASONE PROPIONATE AND SALMETEROL,fluticasone propionate and salmeterol,HIKMA PHARMACEUTICALS USA INC.,MEDICAMENTO SOB PRESCRIÇÃO
ULTRA SLEEP AID,Doxylamine Succinate,WALGREEN COMPANY,MEDICAMENTO ISENTO DE PRESCRIÇÃO
DEXAMETHASONE,Dexamethasone,DOC RX,MEDICAMENTO SOB PRESCRIÇÃO
PREGABALIN,Pregabalin,"WESTMINSTER PHARMACEUTICALS, LLC",MEDICAMENTO SOB PRESCRIÇÃO
THE INDIGO CALMING,Colloidal Oatmeal,TATCHA INC.,MEDICAMENTO ISENTO DE PRESCRIÇÃO
CREST PLUS TARTAR PROTECTION WHITENING,Sodium Fluoride,THE PROCTER & GAMBLE MANUFACTURING COMPANY,MEDICAMENTO ISENTO DE PRESCRIÇÃO
CARBAMAZEPINE,CARBAMAZEPINE,"BIONPHARMA INC.,",MEDICAMENTO SOB PRESCRIÇÃO
TERIFLUNOMIDE,Teriflunomide,MSN LABORATORIES PRIVATE LIMITED,MEDICAMENTO SOB PRESCRIÇÃO
SLEEPOLOGY,"Alfalfa, Avena sativa, Chamomilla, Eschscholtzia californica, Gelsemium sempervirens, Nux moschata, Passiflora incarnata, Piper methysticum, Valeriana officinalis",GENEXA INC.,MEDICAMENTO ISENTO DE PRESCRIÇÃO
CVS LUBRICANT EYE DROPS ORIGINAL,"Polyethylene glycol 400, Propylene glycol",CVS,MEDICAMENTO ISENTO DE PRESCRIÇÃO
BUSCAPINA,"Acetaminophen, Caffeine, Pyrilamine maleate",OPMX LLC,MEDICAMENTO ISENTO DE PRESCRIÇÃO
COLLOIDAL OATMEAL,Colloidal oatmeal,"CVS PHARMACY, INC.",MEDICAMENTO ISENTO DE PRESCRIÇÃO
FRESH FEELS HAND SANITIZER MIST LAVENDER SCENT,ETHYL ALCOHOL,PEARL WORLD INC.,MEDICAMENTO ISENTO DE PRESCRIÇÃO
LISTERINE SMART RINSE ANTICAVITY FLUORIDE RINSE - BUBBLE BLAST,Sodium Fluoride,KENVUE BRANDS LLC,MEDICAMENTO ISENTO DE PRESCRIÇÃO
NEUTROGENA HEALTHY SKIN LIQUID MAKEUP BROAD SPECTRUM SPF 20 - COOL PORCELAIN 130C,Titanium Dioxide,KENVUE BRANDS LLC,MEDICAMENTO ISENTO DE PRESCRIÇÃO
LEADER ULTRA STRENGTH PEPPERMINT FLAVOR,Chewable Antacid Tablets,CARDINAL HEALTH,MEDICAMENTO ISENTO DE PRESCRIÇÃO
METHYLPHENIDATE HYDROCHLORIDE,Methylphenidate Hydrochloride,GRANULES PHARMACEUTICALS INC.,MEDICAMENTO SOB PRESCRIÇÃO
OLOPATADINE HYDROCHLORIDE,Olopatadine Hydrochloride,"SOMERSET THERAPEUTICS, LLC",MEDICAMENTO ISENTO DE PRESCRIÇÃO
SMART CARE VANILLA SUGAR HAND SANITIZER,Ethyl Alcohol,"ASHTEL STUDIOS, INC.",MEDICAMENTO ISENTO DE PRESCRIÇÃO
ROPIVACAINE HYDROCHLORIDE,Ropivacaine Hydrochloride,AMNEAL PHARMACEUTICALS LLC,MEDICAMENTO SOB PRESCRIÇÃO
SIMVASTATIN,Simvastatin,"BIOCON PHARMA INC,",MEDICAMENTO SOB PRESCRIÇÃO
DILTIAZEM HYDROCHLORIDE,Diltiazem Hydrochloride,"SLATE RUN PHARMACEUTICALS, LLC",MEDICAMENTO SOB PRESCRIÇÃO
BUPROPION HYDROCHLORIDE SR,bupropion hydrochloride,REMEDYREPACK INC.,MEDICAMENTO SOB PRESCRIÇÃO
LIDOCAINE,lidocaine,REMEDYREPACK INC.,MEDICAMENTO SOB PRESCRIÇÃO
TAMSULOSIN HYDROCHLORIDE,Tamsulosin Hydrochloride,REMEDYREPACK INC.,MEDICAMENTO SOB PRESCRIÇÃO
METRONIDAZOLE,metronidazole,REMEDYREPACK INC.,MEDICAMENTO SOB PRESCRIÇÃO
CYSTAGON,cysteamine bitartrate,MYLAN PHARMACEUTICALS INC.,MEDICAMENTO SOB PRESCRIÇÃO
LEVALBUTEROL,Levalbuterol,MYLAN PHARMACEUTICALS INC.,MEDICAMENTO SOB PRESCRIÇÃO
PHENOBARBITAL,Phenobarbital,REMEDYREPACK INC.,MEDICAMENTO SOB PRESCRIÇÃO
FOSTER AND THRIVE FIBER LAXATIVE 147,Calcium polycarbophil,STRATEGIC SOURCING SERVICES LLC,MEDICAMENTO ISENTO DE PRESCRIÇÃO
RIGHT REMEDIES EXTRA STRENGTH PAIN RELIEF PM CAPLET,"Acetaminophen, Diphenhydramine hydrochloride",STRIVE PHARMACEUTICALS INC.,MEDICAMENTO ISENTO DE PRESCRIÇÃO
PLERIXAFOR,plerixafor,ZYDUS PHARMACEUTICALS USA INC.,MEDICAMENTO SOB PRESCRIÇÃO
CARBIDOPA AND LEVODOPA,Carbidopa and Levodopa,ZYDUS PHARMACEUTICALS USA INC.,MEDICAMENTO SOB PRESCRIÇÃO
BACLOFEN,Baclofen,LIFESTAR PHARMA LLC,MEDICAMENTO SOB PRESCRIÇÃO
FESOTERODINE FUMARATE,fesoterodine fumarate,ZYDUS LIFESCIENCES LIMITED,MEDICAMENTO SOB PRESCRIÇÃO
PEMETREXED,pemetrexed disodium,ZYDUS LIFESCIENCES LIMITED,MEDICAMENTO SOB PRESCRIÇÃO
GOPRELTO,cocaine hydrochloride,LXO US INC.,MEDICAMENTO SOB PRESCRIÇÃO
PAIN RELEASE,Menthol,SAJE NATURAL BUSINESS INC.,MEDICAMENTO ISENTO DE PRESCRIÇÃO
THERACARE MEDICATED CHEST RUB,"Camphor (synthetic), Eucalyptus oil, and Menthol",VERIDIAN HEALTHCARE,MEDICAMENTO ISENTO DE PRESCRIÇÃO
OXYBUTYNIN CHLORIDE,oxybutynin chloride,PROFICIENT RX LP,MEDICAMENTO SOB PRESCRIÇÃO
TERBUTALINE SULFATE,Terbutaline Sulfate,PROFICIENT RX LP,MEDICAMENTO SOB PRESCRIÇÃO
ROSUVASTATIN CALCIUM,Rosuvastatin Calcium,PROFICIENT RX LP,MEDICAMENTO SOB PRESCRIÇÃO
FLUOXETINE,Fluoxetine Hydrochloride,PROFICIENT RX LP,MEDICAMENTO SOB PRESCRIÇÃO
VIADERMA CARE FIRST AID,BACITRACIN ZINC,"VIADERMA DISTRIBUTION, INC.",MEDICAMENTO ISENTO DE PRESCRIÇÃO
MYCOPHENOLATE MOFETIL,Mycophenolate Mofetil,MEITHEAL PHARMACEUTICALS INC.,MEDICAMENTO SOB PRESCRIÇÃO
WARFARIN SODIUM,Warfarin Sodium,BRYANT RANCH PREPACK,MEDICAMENTO SOB PRESCRIÇÃO
FLUOXETINE,Fluoxetine,BRYANT RANCH PREPACK,MEDICAMENTO SOB PRESCRIÇÃO
HYDROCHLOROTHIAZIDE,Hydrochlorothiazide,BRYANT RANCH PREPACK,MEDICAMENTO SOB PRESCRIÇÃO
LEVOTHYROXINE SODIUM,Levothyroxine Sodium,BRYANT RANCH PREPACK,MEDICAMENTO SOB PRESCRIÇÃO
DOCETAXEL,DOCETAXEL ANHYDROUS,"HOSPIRA, INC.",MEDICAMENTO SOB PRESCRIÇÃO
MIRTAZAPINE,Mirtazapine,BRYANT RANCH PREPACK,MEDICAMENTO SOB PRESCRIÇÃO
CLINDAMYCIN HYDROCHLORIDE,Clindamycin hydrochloride,"PD-RX PHARMACEUTICALS, INC.",MEDICAMENTO SOB PRESCRIÇÃO
PROPRANOLOL HYDROCHLORIDE,Propranolol Hydrochloride,"PD-RX PHARMACEUTICALS, INC.",MEDICAMENTO SOB PRESCRIÇÃO
DCH BURN RELIEF,"Lidocaine, 0.5%",DERMA CARE RESEARCH LABS,MEDICAMENTO ISENTO DE PRESCRIÇÃO
VENLAFAXINE HYDROCHLORIDE,venlafaxine,"XLCARE PHARMACEUTICALS, INC.",MEDICAMENTO SOB PRESCRIÇÃO
DOXYCYCLINE HYCLATE,DOXYCYCLINE HYCLATE,DIRECT RX,MEDICAMENTO SOB PRESCRIÇÃO
ZOLMITRIPTAN,Zolmitriptan,DIRECT_RX,MEDICAMENTO SOB PRESCRIÇÃO
ANASTROZOLE,Anastrozole,DIRECT_RX,MEDICAMENTO SOB PRESCRIÇÃO
BRIVARACETAM,brivaracetam,NOVADOZ PHARMACEUTICALS LLC,MEDICAMENTO SOB PRESCRIÇÃO
BASIC CARE ESOMEPRAZOLE MAGNESIUM,Esomeprazole,AMAZON.COM SERVICES LLC,MEDICAMENTO ISENTO DE PRESCRIÇÃO
CRUNCHI SUNLIGHT TINTED SUNSCREEN SPF 30 LIGHT,ZINC OXIDE,"CRUNCHI, LLC.",MEDICAMENTO ISENTO DE PRESCRIÇÃO
"DEXTROAMPHETAMINE SACCHARATE, AMPHETAMINE ASPARTATE MONOHYDRATE, DEXTROAMPHETAMINE SULFATE AND AMPHETAMINE SULFATE","Dextroamphetamine Sulfate, Dextroamphetamine Saccharate, Amphetamine Sulfate and Amphetamine Aspartate","LANNETT COMPANY, INC.",MEDICAMENTO SOB PRESCRIÇÃO
AMAZON ULTRA STRENGTH TROPICAL FRUIT,Antacid Tablets (Calcium Carbonate),AMAZON.COM SERVICES LLC,MEDICAMENTO ISENTO DE PRESCRIÇÃO
AMPICILLIN SODIUM,Ampicillin Sodium,"CIVICA, INC.",MEDICAMENTO SOB PRESCRIÇÃO
POSACONAZOLE,Posaconazole,LANNETT COMPANY INC.,MEDICAMENTO SOB PRESCRIÇÃO
AMPICILLIN,Ampicillin Sodium,"NORTHSTAR RX, LLC",MEDICAMENTO SOB PRESCRIÇÃO
MYDERM,Lidocaine,INSPEC SOLUTIONS LLC.,MEDICAMENTO ISENTO DE PRESCRIÇÃO
NALOXONE HYDROCHLORIDE,Naloxone Hydrochloride,"INTERNATIONAL MEDICATION SYSTEMS, LIMITED",MEDICAMENTO SOB PRESCRIÇÃO
NITROGLYCERIN,nitroglycerin,ADVAGEN PHARMA LTD,MEDICAMENTO SOB PRESCRIÇÃO
PAIN RELIEF ARNICA AND HEMP,"arnica (A. montana) Tinc, hemp extract (Cannabis sativa) 1X",GREEN EARTH HEALTH INC.,MEDICAMENTO ISENTO DE PRESCRIÇÃO
COPIKTRA,duvelisib,"SECURA BIO, INC",MEDICAMENTO SOB PRESCRIÇÃO
BUPIVACAINE HYDROCHLORIDE,Bupivacaine hydrochloride,"HUONS CO., LTD.",MEDICAMENTO SOB PRESCRIÇÃO
LIDOCAINE NUMBING CREAM,Lidocaine 5%,YYBA CORP,MEDICAMENTO ISENTO DE PRESCRIÇÃO
NAELI EXFOLIATOR AHA-BHA FACE CLEANSER,SALICYLIC ACID,ALLI LLC,MEDICAMENTO ISENTO DE PRESCRIÇÃO
KISS MY FACE SPF-50 BABY MINERAL SUNSCREEN,ZINC OXIDE,WINDMILL HEALTH PRODUCTS LLC,MEDICAMENTO ISENTO DE PRESCRIÇÃO
BABY MINERAL SUNSCREEN SPF55,Zinc Oxide,HELLO BELLO,MEDICAMENTO ISENTO DE PRESCRIÇÃO
HAND SANITIZER MADRID MUSE,Alcohol Hand Sanitizer,"CROWN (YANGZHOU) HEALTH & BEAUTY CO., LTD.",MEDICAMENTO ISENTO DE PRESCRIÇÃO
MORPHINE SULFATE,Morphine Sulfate,WINDER LABORATORIES LLC,MEDICAMENTO SOB PRESCRIÇÃO
DOXORUBICIN HYDROCHLORIDE,doxorubicin hydrochloride,DR. REDDY'S LABORATORIES INC.,MEDICAMENTO SOB PRESCRIÇÃO
BOSCIA DAILY DEFENSE SUNSCREEN BROAD SPECTRUM SPF 50 PA,"OCTINOXATE, TITANIUM DIOXIDE, ZINC OXIDE",BOSCIA LLC,MEDICAMENTO ISENTO DE PRESCRIÇÃO
NIGHT TIME COLD AND FLU RELIEF LIQUID FILLED SOFTGELS,"Acetaminophen,Dextromethrophan HBR,Doxylamine Succinate",APTAPHARMA INC.,MEDICAMENTO ISENTO DE PRESCRIÇÃO
NOREPINEPHRINE,Norepinephrine Bitartrate,"LONG GROVE PHARMACEUTICALS, LLC",MEDICAMENTO SOB PRESCRIÇÃO
ROPINIROLE HYDROCHLORIDE,ROPINIROLE HYDROCHLORIDE,"NCS HEALTHCARE OF KY, LLC DBA VANGARD LABS",MEDICAMENTO SOB PRESCRIÇÃO
MUPIROCIN,Mupirocin Ointment,KESIN PHARMA CORPORATION,MEDICAMENTO SOB PRESCRIÇÃO
GROWPLEX VITAFOAM,VITAFOAM,"GUANGZHOU JIANYUAN BIOLOGICAL TECHNOLOGY CO.,LTD",MEDICAMENTO ISENTO DE PRESCRIÇÃO
VALACYCLOVIR HYDROCHLORIDE,Valacyclovir Hydrochloride,"ASCLEMED USA, INC.",MEDICAMENTO SOB PRESCRIÇÃO
EPINEPHRINE,epinephrine,ASCLEMED USA INC.,MEDICAMENTO SOB PRESCRIÇÃO
METRONIDAZOLE,metronidazole,"ASCLEMED USA, INC.",MEDICAMENTO SOB PRESCRIÇÃO
LACHESIS MUTUS 200CK,LACHESIS MUTUS,SEVENE USA,MEDICAMENTO ISENTO DE PRESCRIÇÃO
DIAPER RASH CREAM 40% ZINC,Zinc Oxide,ASTONEA LABS PRIVATE LIMITED,MEDICAMENTO ISENTO DE PRESCRIÇÃO
CREAM,ZINC OXIDE,MONAT GLOBAL CORP,MEDICAMENTO ISENTO DE PRESCRIÇÃO
BUTENAFINE HYDROCHLORIDE,Butenafine Hydrochloride,MEIJER DISTRIBUTION INC,MEDICAMENTO ISENTO DE PRESCRIÇÃO
METHYL SALICYLATE,Methyl Salicylate,PHARMACURE LLC,MEDICAMENTO ISENTO DE PRESCRIÇÃO
EQUATE NICOTINE,nicotine polacrilex,WALMART INC.,MEDICAMENTO ISENTO DE PRESCRIÇÃO
KISS NEW YORK TINTED MOISTURIZER,Zinc Oxide,"IVY ENTERPRISES, INC.",MEDICAMENTO ISENTO DE PRESCRIÇÃO
GABAPENTIN,Gabapentin,"ADVANCED RX OF TENNESSEE, LLC",MEDICAMENTO SOB PRESCRIÇÃO
METOPROLOL SUCCINATE,Metoprolol succinate,"NCS HEALTHCARE OF KY, LLC DBA VANGARD LABS",MEDICAMENTO SOB PRESCRIÇÃO
DRS. PHARMACY SUNSCREEN SPF 30,sunscreen SPF 30,OL PHARMA TECH LLC. (DRS. PHARMACY),MEDICAMENTO ISENTO DE PRESCRIÇÃO
TREE MIX,"Glandula Suprarenalis (Bovine), Hepar Suis, Histaminum Hydrochloricum, Alder, American Elm, Ash, Beech, Cedar, Elder, Hazel, Hickory, Maple, Oak, Plane (Sycamore), Poplar, Silver Birch, Willow, Adrenocorticotrophin","NUTRITIONAL SPECIALTIES, INC.",MEDICAMENTO ISENTO DE PRESCRIÇÃO
TACHOSIL,THROMBIN HUMAN and FIBRINOGEN,CORZA MEDICAL GMBH,MEDICAMENTO SOB PRESCRIÇÃO
RMS REFRESH EYE BRIGHTENER SPF 30 BROAD SPECTRUM SUNSCREEN CHERISH,ZINC OXIDE,RMS ORGANICS LLC,MEDICAMENTO ISENTO DE PRESCRIÇÃO
MENSTRUAL COMPLETE,"Acetaminophen, Caffeine, Pyrilamine maleate","CHAIN DRUG MARKETING ASSOCIATION, INC.",MEDICAMENTO ISENTO DE PRESCRIÇÃO
QUALITY CHOICE LAXATIVE,"SODIUM PHOSPHATE, DIBASIC, UNSPECIFIED FORM and SODIUM PHOSPHATE, MONOBASIC, UNSPECIFIED FORM",CHAIN DRUG MARKETING ASSOCIATION,MEDICAMENTO ISENTO DE PRESCRIÇÃO
PRAVASTATIN SODIUM,PRAVASTATIN SODIUM,QUALLENT,MEDICAMENTO SOB PRESCRIÇÃO
REORGANIC FEMININE WASH,Adenosine,LAON COMMERCE CO LTD,MEDICAMENTO ISENTO DE PRESCRIÇÃO
YULITHIRA,Everolimus,"CIVICASCRIPT, LLC",MEDICAMENTO SOB PRESCRIÇÃO
COCONUT MILK AND SHEA PETROLEUM JELLY,White Petrolatum,TARGET CORPORATION,MEDICAMENTO ISENTO DE PRESCRIÇÃO
ATOMOXETINE,atomoxetine,CREEKWOOD PHARMACEUTICALS LLC,MEDICAMENTO SOB PRESCRIÇÃO
GR LIP BUTTER STRAWBERRY SPF 15,"Avobenzone, Octinoxate",ERKUL KOZMETIK SANAYI VE TICARET ANONIM SIRKETI,MEDICAMENTO ISENTO DE PRESCRIÇÃO
LEVOTHYROXINE SODIUM,Levothyroxine Sodium,PROFICIENT RX LP,MEDICAMENTO SOB PRESCRIÇÃO
HYDROCHLOROTHIAZIDE,Hydrochlorothiazide,PROFICIENT RX LP,MEDICAMENTO SOB PRESCRIÇÃO
CALMOUR CHILDRENS ACETAMINOPHEN STRIPS CHEWABLE,Acetaminophen Oral Chewable 80 mg,CALMOUR,MEDICAMENTO ISENTO DE PRESCRIÇÃO
BESTMADE NATURAL PRODUCTS BM48,"Arum Trip, Belladonna, Bryonia Alba, Chamomilla, Merc Sol, Morbillinum, Pulsatilla",BESTMADE NATURAL PRODUCTS,MEDICAMENTO ISENTO DE PRESCRIÇÃO
BESTMADE NATURAL PRODUCTS BIO11,"Ferr Phos, Kali Mur, Kali Sulf, Nat Mur, Nat Sulf",BESTMADE NATURAL PRODUCTS,MEDICAMENTO ISENTO DE PRESCRIÇÃO
METHOCARBAMOL,Methocarbamol Tablets,"PHARMASOURCE MEDS, LLC",MEDICAMENTO SOB PRESCRIÇÃO
YVTYVT COPPER PEPTIDES FACE SERUM,COPPER TRIPEPTIDE-1,"BEIJING JUNGE TECHNOLOGY CO., LTD.",MEDICAMENTO ISENTO DE PRESCRIÇÃO
WHISIDOM SALINE SOLUTION,Sodium Chloride 0.9% Saline Solution,"JIANGXI YUDEXI PHARMACEUTICAL CO., LTD",MEDICAMENTO ISENTO DE PRESCRIÇÃO
3-IN-1 DAILY VANISHING TINTED SUNSCREEN CREAM,Zinc Oxide,SHELLEY BENNETT SKINCARE,MEDICAMENTO ISENTO DE PRESCRIÇÃO
CANOPY SPF 40 TINTED,Zinc Oxide,BORREGO SPRINGS SKINCARE LLC,MEDICAMENTO ISENTO DE PRESCRIÇÃO
KOCOWO LIDOCAINE PAIN RELIEF GEL-PATCH,Lidocaine Pain Relief Gel-Patch,"HENAN ENOKON MEDICAL INSTRUMENT CO., LTD.",MEDICAMENTO ISENTO DE PRESCRIÇÃO
TRIPLE ANTIBIOTIC PLUS,"Polymyxin B Sulfate, Bacitracin Zinc, Neomycin Sulfate, Pramoxine HCl","COSETTE PHARMACEUTICALS, INC.",MEDICAMENTO ISENTO DE PRESCRIÇÃO
TAZAROTENE,Tazarotene,"COSETTE PHARMACEUTICALS, INC.",MEDICAMENTO SOB PRESCRIÇÃO
PROPRANOLOL HYDROCHLORIDE,Propranolol Hydrochloride,IPCA LABORATORIES LIMITED,MEDICAMENTO SOB PRESCRIÇÃO
PURE SOL SPF15 LIP GLOSS PINK CORAL,Zinc Oxide,BRAND 2022B LLC,MEDICAMENTO ISENTO DE PRESCRIÇÃO
OLD SPICE THE LAWN RANGER,Aluminum Zirconium Tetrachlorohydrex Gly,THE PROCTER & GAMBLE MANUFACTURING COMPANY,MEDICAMENTO ISENTO DE PRESCRIÇÃO
DEPOLOGY ESSENTIAL MINERAL UV CARE,Zinc Oxide,DEPOLOGY HOLDINGS LLC,MEDICAMENTO ISENTO DE PRESCRIÇÃO
WART REMOVER OINTMEN T,"SALICYLIC ACID, CHLORHEXIDINE","DONGKOU COUNTY HECHENG NETWORK TECHNOLOGY CO., LTD.",MEDICAMENTO ISENTO DE PRESCRIÇÃO
DOCUSATE SODIUM,Docusate Sodium,BELLEVIEW BIO SCIENCE,MEDICAMENTO ISENTO DE PRESCRIÇÃO
BLACK COBRA TATTOO NUMBING CREAM 4% LIDOCAINE,Lidocaine,"FOSHAN SUGAR MAX COSMETICS CO.,LTD",MEDICAMENTO ISENTO DE PRESCRIÇÃO
SHEGLAM DEW AND DONE SKIN TINT WITH SPF 20 CAPPUCHINO,ZINC OXIDE,EVER FAME PTE. LTD.,MEDICAMENTO ISENTO DE PRESCRIÇÃO
CALCIUM GLUCONATE,Calcium Gluconate,PROPHARMA DISTRIBUTION,MEDICAMENTO SOB PRESCRIÇÃO
QUITINE MINI NICOTINE,Nicotine Polacrilex,QUITINE LLC,MEDICAMENTO ISENTO DE PRESCRIÇÃO
TINTED MINERAL MOISTURIZING SUNSCREEN,"Titanium Dioxide, Zinc Oxide","ABOUT FACE AESTHETICS, INC.",MEDICAMENTO ISENTO DE PRESCRIÇÃO
DICLOFENAC SODIUM,diclofenac sodium,"HAWAII REPACK, INC",MEDICAMENTO SOB PRESCRIÇÃO
NATURAL URIC ACID JOINT COMFORT SUPPLEMENT 3310B,NATURAL URIC ACID JOINT COMFORT SUPPLEMENT 3310B,BISPIT CANADA LTD.,MEDICAMENTO ISENTO DE PRESCRIÇÃO
METRONIDAZOLE,metronidazole,SPORTPHARM LLC,MEDICAMENTO SOB PRESCRIÇÃO
VENROCK,SALICYLIC ACID,"GUANGZHOU OUPENG COSMETICS CO., LTD.",MEDICAMENTO ISENTO DE PRESCRIÇÃO
BM MERCURIUS SOLUBILIS,Mercurius Solubilis,BM PRIVATE LIMITED,MEDICAMENTO ISENTO DE PRESCRIÇÃO
KLARINA SHEER MINERAL SUNSCREEN BLENDER SPF 50,ZINC OXIDE,KLARINA INC,MEDICAMENTO ISENTO DE PRESCRIÇÃO
PRIME TOOTH CARE STRAWBERRIES,SODIUM FLUORIDE,PRIME TOOTH CARE LLC,MEDICAMENTO ISENTO DE PRESCRIÇÃO
BYNISEP 5% MINOXIDIL HAIR GROWTH SERUM,HAIR GROWTH SERUM,"PUTIAN LICHENG DISTRICT ZHIJIANCHENG TRADING CO., LTD.",MEDICAMENTO ISENTO DE PRESCRIÇÃO
ESCITALOPRAM,escitalopram,MAJOR PHARMACEUTICALS,MEDICAMENTO SOB PRESCRIÇÃO
MORPHINE SULFATE EXTENDED RELEASE,Morphine Sulfate,MAJOR PHARMACEUTICALS,MEDICAMENTO SOB PRESCRIÇÃO
TOTCLEAR WART AND SPOT ERASER,Salicylic Acid,GOOD BRIDGE LLC,MEDICAMENTO ISENTO DE PRESCRIÇÃO
"BCBGENERATION HAND SANITIZER TRIO - PEONY BLUSH, AMBER AND LAVENDER, COCONUT WATER SCENT",ETHYL ALCOHOL,DIAMOND LIFE COSMETICS TRADING FZCO,MEDICAMENTO ISENTO DE PRESCRIÇÃO
BAREMINERALS ORIGINAL FOUNDATION BROAD SPECTRUM SPF 15 NEUTRAL DEEP 29,ZINC OXIDE,ORVEON GLOBAL US LLC,MEDICAMENTO ISENTO DE PRESCRIÇÃO
LIDOCAINE HYDROCHLORIDE,Lidocaine Hydrochloride,ACME UNITED CORPORATION,MEDICAMENTO ISENTO DE PRESCRIÇÃO
EXTRANEAL,"icodextrin, sodium chloride, sodium lactate, calcium chloride, magnesium chloride",VANTIVE US HEALTHCARE LLC,MEDICAMENTO SOB PRESCRIÇÃO
ACD-A,Anticoagulant Citrate Dextrose Solution Formula A,"FENWAL, INC.",MEDICAMENTO SOB PRESCRIÇÃO
PHYSICIANSCARE ALLERGY MULTI-SYMPTOM RELIEF,"Acetaminophen, Chlorpheniramine Maleate, Phenylephrine Hydrochloride",ACME UNITED CORPORATION,MEDICAMENTO ISENTO DE PRESCRIÇÃO
PETROLEUM,White Petrolatum,7-SELECT,MEDICAMENTO ISENTO DE PRESCRIÇÃO
CARMEX DAILY CARE MOISTURIZING LIP BALM WINTERGREEN SPF 15,"OCTINOXATE, OXYBENZONE","CARMA LABORATORIES, INC.",MEDICAMENTO ISENTO DE PRESCRIÇÃO
CARMEX DAILY CARE MOISTURIZING LIP BALM WITH FREE CUPCAKE BATTER STICK SUNSCREEN SPF 15,"OCTINOXATE, OXYBENZONE","CARMA LABORATORIES, INC.",MEDICAMENTO ISENTO DE PRESCRIÇÃO
YMLABS,SPF15 FLAVORED LIP BALM,YUSEF MANUFACTURING LABORATORIES,MEDICAMENTO ISENTO DE PRESCRIÇÃO
MITCHUM CLEAR GEL,ALUMINUM SESQUICHLOROHYDRATE,REVLON CONSUMER PRODUCTS CORP,MEDICAMENTO ISENTO DE PRESCRIÇÃO
DIFLUNISAL,diflunisal,HERITAGE PHARMACEUTICALS INC. D/B/A AVET PHARMACEUTICALS INC.,MEDICAMENTO SOB PRESCRIÇÃO
CHAMOMILLA,CHAMOMILLA,"RXHOMEO PRIVATE LIMITED D.B.A. RXHOMEO, INC",MEDICAMENTO ISENTO DE PRESCRIÇÃO
CARBAMAZEPINE,CARBAMAZEPINE,"RISING PHARMA HOLDINGS, INC.",MEDICAMENTO SOB PRESCRIÇÃO
TRIAMCINOLONE ACETONIDE,Triamcinolone acetonide,NORTHSTAR RXLLC,MEDICAMENTO SOB PRESCRIÇÃO
DAYTIME NIGHTTIME SINUS RELIEF,"Acetaminophen, Diphenhydramine HCl, Guaifenesin, Phenylephrine HCl",TARGET CORPORATION,MEDICAMENTO ISENTO DE PRESCRIÇÃO
COLD AND FLU DAYTIME-NIGHTTIME,"ACETAMINOPHEN, DEXTROMETHORPHAN HBR, DOXYLAMINE SUCCINATE, PHENYLEPHRINE HCL",TARGET CORP,MEDICAMENTO ISENTO DE PRESCRIÇÃO
LAXATIVE FOR WOMEN,Bisacodyl,RITE AID CORPORATION,MEDICAMENTO ISENTO DE PRESCRIÇÃO
NASAL,Oxymetazoline hydrochloride,RITE AID CORPORATION,MEDICAMENTO ISENTO DE PRESCRIÇÃO
REZVOGLAR KWIKPEN,Insulin glargine-aglr,ELI LILLY AND COMPANY,MEDICAMENTO SOB PRESCRIÇÃO
MEKINIST,trametinib,NOVARTIS PHARMACEUTICALS CORPORATION,MEDICAMENTO SOB PRESCRIÇÃO
TEMODAR,Temozolomide,MERCK SHARP & DOHME LLC,MEDICAMENTO SOB PRESCRIÇÃO
SIGNATURE CARE,Castor,"BETTER LIVING BRANDS, LLC",MEDICAMENTO ISENTO DE PRESCRIÇÃO
SAFEWAY SIGNATURE CARE SPORT SUNSCREEN SPF 50,"Avobenzone, Homosalate, Octocrylene","SAFEWAY, INC.",MEDICAMENTO ISENTO DE PRESCRIÇÃO
KETOCONAZOLE,Ketoconazole,NORTHSTAR RX LLC,MEDICAMENTO SOB PRESCRIÇÃO
ATROPINE SULFATE,Atropine Sulfate,ACCORD HEALTHCARE INC.,MEDICAMENTO SOB PRESCRIÇÃO
NITROGEN,Nitrogen,AGL INHALATION THERAPY CO.,MEDICAMENTO SOB PRESCRIÇÃO
"CLINDAMYCIN PHOAPHATE TOPICAL SOLUTION USP, 1%","Clindamycin Phosphate Topical Solution USP, 1%","ENCUBE ETHICALS, INC.",MEDICAMENTO SOB PRESCRIÇÃO
DONEPEZIL HYDROCHLORIDE,Donepezil Hydrochloride,"GOLDEN STATE MEDICAL SUPPLY, INC.",MEDICAMENTO SOB PRESCRIÇÃO
ALLERGY RELIEF INDOOR AND OUTDOOR ALLERGIES,Cetirizine Hydrochloride,CVS PHARMACY,MEDICAMENTO ISENTO DE PRESCRIÇÃO
OSELTAMIVIR PHOSPHATE,Oseltamivir,AMNEAL PHARMACEUTICALS NY LLC,MEDICAMENTO SOB PRESCRIÇÃO
NILOTINIB,nilotinib,APOTEX CORP.,MEDICAMENTO SOB PRESCRIÇÃO
GLEOSTINE,lomustine,"NEXTSOURCE BIOTECHNOLOGY, LLC",MEDICAMENTO SOB PRESCRIÇÃO
T-8,Cichorium intybus Whole,"DNA LABS, INC.",MEDICAMENTO ISENTO DE PRESCRIÇÃO
SHISEIDO UV PROTECTIVE COMPACT (REFILL) LIGHT BEIGE,"OCTINOXATE, OCTOCRYLENE, and TITANIUM DIOXIDE",SHISEIDO AMERICAS CORPORATION,MEDICAMENTO ISENTO DE PRESCRIÇÃO
SHISEIDO REVITALESSENCE SKIN GLOW FOUNDATION 440,OCTINOXATE,SHISEIDO AMERICAS CORPORATION,MEDICAMENTO ISENTO DE PRESCRIÇÃO
ONGO - FIN,TOLNAFTATE,EFFICIENT LABORATORIES INC.,MEDICAMENTO ISENTO DE PRESCRIÇÃO
LABETALOL HYDROCHLORIDE,Labetalol Hydrochloride,"METHOD PHARMACEUTICALS, LLC",MEDICAMENTO SOB PRESCRIÇÃO
HYSINGLA ER,hydrocodone bitartrate,KNOA PHARMA LLC,MEDICAMENTO SOB PRESCRIÇÃO
MICOMITIN ANTIFUNGAL,Tolnaftate,PURETEK CORPORATION,MEDICAMENTO ISENTO DE PRESCRIÇÃO
A PERFECT WORLD SPF 40 AGE DEFENSE BROAD SPECTRUM MOISTURIZER WITH WHITE TEA,"AVOBENZONE, HOMOSALATE, OCTINOXATE, OCTISALATE, and OCTOCRYLENE",ORIGINS NATURAL RESOURCES INC.,MEDICAMENTO ISENTO DE PRESCRIÇÃO
MULPLETA,Lusutrombopag,SHIONOGI INC.,MEDICAMENTO SOB PRESCRIÇÃO
HYDROCORTISONE,HYDROCORTISONE,AUROBINDO PHARMA LIMITED,MEDICAMENTO SOB PRESCRIÇÃO
DOXAZOSIN,doxazosin mesylate,AUROBINDO PHARMA LIMITED,MEDICAMENTO SOB PRESCRIÇÃO
SPIRONOLACTONE,spironolactone,JUBILANT CADISTA PHARMACUTICALS INC.,MEDICAMENTO SOB PRESCRIÇÃO
INSTANT HAND SANITIZER,ALCOHOL,"ABC COMPOUNDING CO., INC.",MEDICAMENTO ISENTO DE PRESCRIÇÃO
DOXYCYCLINE HYCLATE,Doxycycline Hyclate,"CHARTWELL RX, LLC",MEDICAMENTO SOB PRESCRIÇÃO
FLUVOXAMINE MALEATE,Fluvoxamine Maleate,"CHARTWELL RX, LLC",MEDICAMENTO SOB PRESCRIÇÃO
MIDODRINE HYDROCHLORIDE,MIDODRINE HYDROCHLORIDE,ALEMBIC PHARMACEUTICALS INC.,MEDICAMENTO SOB PRESCRIÇÃO
WARTCALM,"ANTIMONY TRISULFIDE, NITRIC ACID, THUJA OCCIDENTALIS LEAFY TWIG,",BOIRON,MEDICAMENTO ISENTO DE PRESCRIÇÃO
TEMAZEPAM,Temazepam,"ACTAVIS PHARMA, INC.",MEDICAMENTO SOB PRESCRIÇÃO
DULOXETINE,Duloxetine,"ACTAVIS PHARMA, INC.",MEDICAMENTO SOB PRESCRIÇÃO
ETHACRYNIC ACID,Ethacrynic Acid,ST. MARY'S MEDICAL PARK PHARMACY,MEDICAMENTO SOB PRESCRIÇÃO
ALCOHOL PREP,Isopropyl Alcohol,"PHOENIX HEALTHCARE SOLUTIONS, LLC",MEDICAMENTO ISENTO DE PRESCRIÇÃO
REJUVENATION PLUS,"Aralia quin, Arnica, Avena, Baryta carb, Carduus mar, DNA, Hepar suis, Medulla ossis suis, Pancreas suis, Phosphoricum ac, Pituitarum posterium, Thuja occ",EIGHT AND COMPANY L.L.C,MEDICAMENTO ISENTO DE PRESCRIÇÃO
ALOE UP PRO 15,"AVOBENZONE, OCTISALATE, OCTOCRYLENE","ALOE CARE INTERNATIONAL, LLC",MEDICAMENTO ISENTO DE PRESCRIÇÃO
BIO SPECTRA ATTITUDE,ZINC OXIDE,9055-7588 QUEBEC INC. DBA ATTITUDE,MEDICAMENTO ISENTO DE PRESCRIÇÃO
IBUPROFEN,IBUOROFEN,DIRECT_RX,MEDICAMENTO SOB PRESCRIÇÃO
DIOR FOREVER SKIN WEAR FLAWLESS SKIN TRUE FOUNDATION SPF 20 4C COOL,"OCTISALATE, TITANIUM DIOXIDE",PARFUMS CHRISTIAN DIOR,MEDICAMENTO ISENTO DE PRESCRIÇÃO
OBAGI NU-DERM SYSTEM NORMAL-DRY SKIN TRANSFORMATION,"Hydroquinone, Titanium Dioxide, and Zinc Oxide",OBAGI COSMECEUTICALS LLC,MEDICAMENTO SOB PRESCRIÇÃO
VALPROIC ACID,Valproic Acid,"CHARTWELL RX, LLC",MEDICAMENTO SOB PRESCRIÇÃO
B13 CELL SALT COMPLEX,"ALLIUM SATIVUM, AVENA SATIVA, CALCAREA CARBONICA, CALCAREA FLUORICA, CALCAREA PHOSPHORICA, CALCAREA SULPHURICA, CARBO VEGETABILIS, FERRUM IODATUM, HYPERICUM PERFORATUM, KALI PHOSPHORICUM, LACTICUM ACIDUM, MAGNESIA PHOSPHORICA, NATRUM MURIATICUM, NATRUM PHOSPHORICUM, PHOSPHORICUM ACIDUM, URTICA URENS",APEX ENERGETICS INC.,MEDICAMENTO ISENTO DE PRESCRIÇÃO
ASPERGILLUS FUMIGATUS,ASPERGILLUS FUMIGATUS,"ALK-ABELLO, INC.",ALERGÊNICO NÃO PADRONIZADO
HEPARIN SODIUM,HEPARIN SODIUM,"FRESENIUS KABI USA, LLC",MEDICAMENTO SOB PRESCRIÇÃO
ARGENTUM MURIATICUM,Argentum Muriaticum,"HAHNEMANN LABORATORIES, INC.",MEDICAMENTO ISENTO DE PRESCRIÇÃO
AMLODIPINE AND ATORVASTATIN,Amlodipine and Atorvastatin,ALEMBIC PHARMACEUTICALS INC.,MEDICAMENTO SOB PRESCRIÇÃO
CANDESARTAN CILEXETIL AND HYDROCHLOROTHIAZIDE,Candesartan Cilexetil and Hydrochlorothiazide,"ANI PHARMACEUTICALS, INC.",MEDICAMENTO SOB PRESCRIÇÃO
ANTI-BACTERIALHANDSPRAY PEACH BELLINI,Alcohol,"BATH & BODY WORKS, INC.",MEDICAMENTO ISENTO DE PRESCRIÇÃO
ANTI BACTERIAL HAND GEL ENDLESS WEEKEND,Alcohol,"BATH & BODY WORKS, INC.",MEDICAMENTO ISENTO DE PRESCRIÇÃO
BUPRENORPHINE,Buprenorphine,"SUN PHARMACEUTICAL INDUSTRIES, INC.",MEDICAMENTO SOB PRESCRIÇÃO
GOODYS MAX,"Acetaminophen, Aspirin, and Caffeine",MEDTECH PRODUCTS INC.,MEDICAMENTO ISENTO DE PRESCRIÇÃO
BLOOD STIM LIQUESCENCE 3004,Blood Stim Liquescence,PROFESSIONAL COMPLEMENTARY HEALTH FORMULAS,MEDICAMENTO ISENTO DE PRESCRIÇÃO
PASPALUM NOTATUM POLLEN,Bahia Grass,"ALK-ABELLO, INC.",ALERGÊNICO NÃO PADRONIZADO
AUTUMN BLISS HAND SANITIZER,Ethyl Alcohol,APOLLO HEALTH AND BEAUTY CARE,MEDICAMENTO ISENTO DE PRESCRIÇÃO
NAPROXEN,Naproxen,PROFICIENT RX LP,MEDICAMENTO SOB PRESCRIÇÃO
NETTLE,URTICA DIOICA POLLEN,"ALK-ABELLO, INC.",ALERGÊNICO NÃO PADRONIZADO
MIXED FEATHERS,"GALLUS GALLUS FEATHER, ANAS PLATYRHYNCHOS FEATHER, ANSER ANSER FEATHER","ALK-ABELLO, INC.",ALERGÊNICO NÃO PADRONIZADO
ADZYNMA,Apadamtase Alfa,"TAKEDA PHARMACEUTICALS AMERICA, INC.",MEDICAMENTO SOB PRESCRIÇÃO
DEGREE,Degree Motionsense Mango Jasmine Antiperspirant Deodorant,CONOPCO INC. D/B/A/ UNILEVER,MEDICAMENTO ISENTO DE PRESCRIÇÃO
DOVE,Men plus Care Ultimate Aloe Vera Scent 48H Antiperspirant,CONOPCO INC. D/B/A/ UNILEVER,MEDICAMENTO ISENTO DE PRESCRIÇÃO
DOVE,Advanced Care Cucumber and Cactus Water 72h Antiperspirant Deodorant,CONOPCO INC. D/B/A/ UNILEVER,MEDICAMENTO ISENTO DE PRESCRIÇÃO
BAPTISIA TINCTORIA,Baptisia Tinctoria,"HAHNEMANN LABORATORIES, INC.",MEDICAMENTO ISENTO DE PRESCRIÇÃO
CADMIUM MURIATICUM,Cadmium Muriaticum,"HAHNEMANN LABORATORIES, INC.",MEDICAMENTO ISENTO DE PRESCRIÇÃO
AGNUS CASTUS,Agnus castus,"HAHNEMANN LABORATORIES, INC.",MEDICAMENTO ISENTO DE PRESCRIÇÃO
PAROXETINE,Paroxetine,BRYANT RANCH PREPACK,MEDICAMENTO SOB PRESCRIÇÃO
PHENTERMINE HYDROCHLORIDE,phentermine hydrochloride,BRYANT RANCH PREPACK,MEDICAMENTO SOB PRESCRIÇÃO
METFORMIN HYDROCHLORIDE,Metformin Hydrochloride,BRYANT RANCH PREPACK,MEDICAMENTO SOB PRESCRIÇÃO
FLUTICASONE PROPIONATE,Fluticasone Propionate,BRYANT RANCH PREPACK,MEDICAMENTO SOB PRESCRIÇÃO
MINOCYCLINE HYDROCHLORIDE,Minocycline Hydrochloride,BRYANT RANCH PREPACK,MEDICAMENTO SOB PRESCRIÇÃO
HEPARIN SODIUM,Heparin Sodium,MCKESSON CORPORATION DBA SKY PACKAGING,MEDICAMENTO SOB PRESCRIÇÃO
IBUPROFEN,Ibuprofen,STRIDES PHARMA SCIENCE LIMITED,MEDICAMENTO SOB PRESCRIÇÃO
QUALITY CHOICE IODIDES TINCTURE,Ethyl Alcohol,CHAIN DRUG MARKET ASSOCIATION,MEDICAMENTO ISENTO DE PRESCRIÇÃO
SINUS PRESSURE PLUS PAIN PE,ACETAMINOPHEN and PHENYLEPHRINE HYDROCHLORIDE,VALU MERCHANDISERS COMPANY,MEDICAMENTO ISENTO DE PRESCRIÇÃO
MOISTURIZING ANTIBACTERIAL,Benzalkonium chloride 0.13%,"ALDI, LLC",MEDICAMENTO ISENTO DE PRESCRIÇÃO
ANTISEPTIC,benzethonium chloride,"MPM MEDICAL, LLC",MEDICAMENTO ISENTO DE PRESCRIÇÃO
HYDROXYZINE HYDROCHLORIDE,Hydroxyzine hydrochloride,COUPLER LLC,MEDICAMENTO SOB PRESCRIÇÃO
OLANZAPINE,Olanzapine,COUPLER LLC,MEDICAMENTO SOB PRESCRIÇÃO
CHLORPROMAZINE HYDROCHLORIDE,Chlorpromazine hydrochloride,PIRAMAL CRITICAL CARE INC.,MEDICAMENTO SOB PRESCRIÇÃO
CLORPACTIN WCS-90,chlorine,"UNITED-GUARDIAN, INC.",MEDICAMENTO ISENTO DE PRESCRIÇÃO
"POLLENS - TREES, BIRCH MIX",Birch Mix,JUBILANT HOLLISTERSTIER LLC,ALERGÊNICO NÃO PADRONIZADO
VANCOMYCIN HYDROCHLORIDE,VANCOMYCIN HYDROCHLORIDE,BAXTER HEALTHCARE CORPORATION,MEDICAMENTO SOB PRESCRIÇÃO
LISDEXAMFETAMINE DIMESYLATE,Lisdexamfetamine,AMNEAL PHARMACEUTICALS LLC,MEDICAMENTO SOB PRESCRIÇÃO
MOMETASONE FUROATE,Mometasone,AMNEAL PHARMACEUTICALS LLC,MEDICAMENTO SOB PRESCRIÇÃO
CARBOPROST TROMETHAMINE,carboprost tromethamine,"FRESENIUS KABI USA, LLC",MEDICAMENTO SOB PRESCRIÇÃO
BROAD SPECTRUM SPF 15 SUNSCREEN TROPICAL SMOOTHIE LIP BALM,Broad Spectrum SPF 15 Sunscreen Tropical Smoothie Lip Balm,RAINING ROSE,MEDICAMENTO ISENTO DE PRESCRIÇÃO
CEPHALEXIN,Cephalexin,AUROBINDO PHARMA LIMITED,MEDICAMENTO SOB PRESCRIÇÃO
EMVITA 11,"Cuprum met, Ferrum met, Ignatia amara, Pancreas, Secale",RUBIMED AG,MEDICAMENTO ISENTO DE PRESCRIÇÃO
"VISINE RED EYE HYDRATING COMFORT, CVP",tetrahydrozoline hydrochloride and polyethylene glycol 400 solution/ drops,"LIL' DRUG STORE PRODUCTS, INC.",MEDICAMENTO ISENTO DE PRESCRIÇÃO
AMOXICILLIN AND CLAVULANATE POTASSIUM,Amoxicillin and Clavulanate Potassium,AUROBINDO PHARMA LIMITED,MEDICAMENTO SOB PRESCRIÇÃO
DARIFENACIN,Darifenacin,AUROBINDO PHARMA LIMITED,MEDICAMENTO SOB PRESCRIÇÃO
AVENA SATIVA,AVENA SATIVA,OHM PHARMA INC.,MEDICAMENTO ISENTO DE PRESCRIÇÃO
ARTHRITIS PAIN RELIEF,Acetaminophen,"WINCO FOODS, LLC",MEDICAMENTO ISENTO DE PRESCRIÇÃO
CLEANCARE CHLORHEXIDINE GLUCONATE 0.12% ORAL RINSE,Chlorhexidine Gluconate,SAFCO DENTAL SUPPLY LLC,MEDICAMENTO SOB PRESCRIÇÃO
LEVALBUTEROL,Levalbuterol Hydrochloride,REDPHARM DRUG,MEDICAMENTO SOB PRESCRIÇÃO
OXYGEN,OXYGEN,"SPECTRUM GAS PRODUCTS, INC",MEDICAMENTO SOB PRESCRIÇÃO
ATORVASTATIN CALCIUM,Atorvastatin Calcium,"NUCARE PHARMACEUTICALS,INC.",MEDICAMENTO SOB PRESCRIÇÃO
ADENOSINE,Adenosine,GLAND PHARMA LIMITED,MEDICAMENTO SOB PRESCRIÇÃO
WARFARIN SODIUM,Warfarin Sodium,AMERICAN HEALTH PACKAGING,MEDICAMENTO SOB PRESCRIÇÃO
TETRABENAZINE,TETRABENAZINE,PRECISION DOSE INC.,MEDICAMENTO SOB PRESCRIÇÃO
AMLODIPINE BESYLATE,Amlodipine besylate,"ASCEND LABORATORIES, LLC",MEDICAMENTO SOB PRESCRIÇÃO
FEBUXOSTAT,Febuxostat,"ASCEND LABORATORIES, LLC",MEDICAMENTO SOB PRESCRIÇÃO
ERTAPENEM,Ertapenem Sodium,BLUEPOINT LABORATORIES,MEDICAMENTO SOB PRESCRIÇÃO
PACLITAXEL,Paclitaxel,BLUEPOINT LABORATORIES,MEDICAMENTO SOB PRESCRIÇÃO
TERBINAFINE HYDROCHLORIDE,Terbinafine Hydrochloride,"NUCARE PHARMACEUTICALS,INC.",MEDICAMENTO SOB PRESCRIÇÃO
PREDNISONE,PredniSONE,HIKMA PHARMACEUTICALS USA INC.,MEDICAMENTO SOB PRESCRIÇÃO
WALGREENS SPF55 SUNSCREEN REEF-CONSCIOUS FORMULA,"Avobenzone, Homosalate, Octisalate, Octocrylene",WALGREEN COMPANY,MEDICAMENTO ISENTO DE PRESCRIÇÃO
ISOSORBIDE MONONITRATE,Isosorbide Mononitrate,"NUCARE PHARMACEUTICALS,INC.",MEDICAMENTO SOB PRESCRIÇÃO
WALGREENS ARTHRITIS PAIN RELIEF CAPSAICIN ANALGESIC,Capsaicin,WALGREEN COMPANY,MEDICAMENTO ISENTO DE PRESCRIÇÃO
LOVASTATIN,lovastatin,"LUPIN PHARMACEUTICALS, INC.",MEDICAMENTO SOB PRESCRIÇÃO
MEMBERS MARK ALLERGY RELIEF,Loratadine,SAM'S WEST INC,MEDICAMENTO ISENTO DE PRESCRIÇÃO
OMEPRAZOLE,Omeprazole,ZYDUS PHARMACEUTICALS USA INC.,MEDICAMENTO SOB PRESCRIÇÃO
STOOL SOFTENER,Docusate Sodium,BJWC (BERKLEY & JENSEN / BJ'S),MEDICAMENTO ISENTO DE PRESCRIÇÃO
FLUTICASONE PROPIONATE,Fluticasone Propionate,"GLENMARK PHARMACEUTICALS INC., USA",MEDICAMENTO SOB PRESCRIÇÃO
HYDRALAZINE HYDROCHLORIDE,Hydralazine Hydrochloride,NAVINTA LLC,MEDICAMENTO SOB PRESCRIÇÃO
THERA ANTIFUNGAL BODY,Miconazole Nitrate,MCKESSON MEDICAL-SURGICAL INC.,MEDICAMENTO ISENTO DE PRESCRIÇÃO
STRESS AWAY ANXIETY RELIEF,"Aconitum nap, Alfalfa, Avena, chamomilla, Gelsemium, Humulus lupulus, Ignatia, Kali ars, kali phos, Muriaticum ac, nat phos, Passiflora, Phos, Staphysag, Stramonium",SILVER STAR BRANDS,MEDICAMENTO ISENTO DE PRESCRIÇÃO
MECLIZINE HYDROCHLORIDE,MECLIZINE,PREFERRED PHARMACEUTICALS INC.,MEDICAMENTO SOB PRESCRIÇÃO
QUETIAPINE FUMARATE,quetiapine fumarate,PREFERRED PHARMACEUTICALS INC.,MEDICAMENTO SOB PRESCRIÇÃO
LEVOCETIRIZINE DIHYDROCHLORIDE,levocetirizine dihydrochloride,"PREFERRED PHARMACEUTICALS, INC.",MEDICAMENTO SOB PRESCRIÇÃO
GOOD SENSE NAPROXEN SODIUM,Naproxen Sodium,PREFERRED PHARMACEUTICALS INC.,MEDICAMENTO ISENTO DE PRESCRIÇÃO
SMOOTH BROME,Bromus inermis,"GREER LABORATORIES, INC.",ALERGÊNICO NÃO PADRONIZADO
COMMON CULTIVATED OATS,Avena sativa,"GREER LABORATORIES, INC.",ALERGÊNICO NÃO PADRONIZADO
TRICHOPHYTON MENTAGROPHYTES,Trichophyton mentagrophytes,"GREER LABORATORIES, INC.",ALERGÊNICO NÃO PADRONIZADO
BURROBRUSH,Hymenoclea salsola,"GREER LABORATORIES, INC.",ALERGÊNICO NÃO PADRONIZADO
SWEET POTATO,Ipomoea batatas,"GREER LABORATORIES, INC.",ALERGÊNICO NÃO PADRONIZADO
PENICILLIUM MIX,"Penicillium camemberti, Penicillium chrysogenum, Penicillium digitatum, Penicillium notatum and Penicillium roqueforti","GREER LABORATORIES, INC.",ALERGÊNICO NÃO PADRONIZADO
FLUCYTOSINE,Flucytosine,HERITAGE PHARMACEUTICALS INC. D/B/A AVET PHARMACEUTICALS INC.,MEDICAMENTO SOB PRESCRIÇÃO
EARTHS CARE MUSCLE AND JOINT RUB,camphor,"DLC LABORATORIES, INC.",MEDICAMENTO ISENTO DE PRESCRIÇÃO
BETAXOLOL,Betaxolol,PURACAP LABORATORIES LLC,MEDICAMENTO SOB PRESCRIÇÃO
IBUPROFEN,Ibuprofen,MARKSANS PHARMA LIMITED,MEDICAMENTO ISENTO DE PRESCRIÇÃO
